text,rating,length
"Worth the value. I was iPhone 12 mini user, so jump to iPhone 14 was a huge difference for me. Getting a better battery backup with this phone. I feel its a bit huge, but its good.",5,189
My 1st IOS device so far goodüòä,5,39
Outstanding product,5,28
I am so happy to have first time i phone 14. My experience is outstanding to have this phone.But i wanted to have i phone 18 fortunately i have this now.,5,162
"Amazing picture quality, awesome design, mind blowing display and fabulous performance and specially very handy phone",5,126
Iphone 14 Nothing to say about it.... too Fast to furious... thank you Flipkart üëç,5,90
"My 1st IOS device so far goodüòäMidnight Black the best you can have, the Camera quality is excellent along with the multitasking performance. Go for it!",5,160
Have recently moved over from Android to IOS. Felt very happy about it.,4,80
"It's a apple device .. that means you get the good old ios . No performance issue , supper ram and power management . My slightly distasteful remark would be on its camera . Dont get me wrong , its great but the colors seems to be vibrant by default which I'm not really a fan of. Also the low light performance of the front camera is not that sharp . I used to own a pixel 3 and its front camera output seems to be better than iphone 13's . But overall the camera is good and it will do the job. ...",4,509
camera is not as expected at evening as pictures are so dull and not bright.so much dissipointed when compare camera even with s21fe or one plus nord or other premium phones.at bright sunlight or in a bright light at night pictures are so good in portrait mode.selfies in low light are terrible. looks like camera under 10k phone.battery is good and last for day easily.performance is so good.display may be if 90hz it will be good at this price range.,4,461
Just awesome....‚ù§Ô∏èüôåüòåDisplay Camera Battery Processor....JUST WOW....‚ú®üíó‚ò∫Ô∏è,5,81
I upgraded from iPhone 7 Plus. I experienced a huge improvement in several areas of my daily usage.$$$$$$$$$$$$$$$$$$$$$$$$$$$$$$$$$$$$$$$$I recommend you buy iphone 14 instead of iphone 13 for various reasons:Additional 2 GB RAMLarger 5G antenna which helps with faster 5G speedImproved camerasCrash detectionSatellite connectivity to send emergency messages.,5,369
Great product. However the package box in which phone arrived was not upto the mark. Accepted phone after open box delivery. Phone box was new and sealed.,5,163
It's a perfect mobile. Comfortable in hands... Size is good. Looks so classy. For me it's the best,5,107
Thanks Flipkart service is fine nd it comes in a 2 days.product is genuine nd I love it,4,96
"Just awesome!!I switch to iPhone 14 from iPhone 12. The powerful chipset gives you smooth performance. No lags, no fancy UI, just delivers the best of it.Camera is best. Battery giving a full day. Speaker sounds wide and clear.Must buy!!",5,246
Amazing deviceI switch to iPhone 14 from iPhone 8. Great camera and power management full day battery backup. Sound quality and display also awesome. Just go for it if you have enough money,5,198
"Best smart phone under this price range compare to other phones in 2023 if you see overall build quality, performance and Camera with autofocus and video action mode are awesome50% extra RAM compared to iPhone 13 and other more features. Best time to upgrade to iPhone 14 . I am so happySee Low light photos are amazing..",5,330
"Happy to have iPhone 14. Wonderful phone specially because of Powerful cameraüòç, perfect screen size and potentially battery life make it worthy.",5,153
"Damn such a great phone. Camera is really good, battery lasts long enough, super smooth even though its just 60 hz XDR display. Videos with action mode on are insanely stable and crisp.The whole apple environment itself is so seamless. I shifted from android to iPhone and it barely took any time since I had iPad and a mac already. With a just a few clicks the phone was ready to go.",5,393
"Great phone with great capabilities üî•Excellent camera üì∏Processor same as my 13proNew blue colour is awesome ‚ù§Ô∏èI have :- 14pro . 13pro . 12. 12mini . Also new this one iphone 14 . One thing is common in all have , there is no lag till the date.The one thing I always said it is what it isüî•üî•",5,298
"Totally in love with my new iphone 14. Battery backup is amazing which I never expected from Apple to be very honest.Built quality is excellent and it looks premium. Camera quality is excellent as well. True to life color reproduction, Indoor conditions amazing, night photos are good, facial tones are very good, day clicks are amazing. In short it's an amazing exp. Selfie cam also produces very good quality images.",5,427
"Iphone 14 Awesome üòçüòç . Easy to carry i phone . Light weight. And very effective in daily usage. Battery is effective according to daily usage. Pictures, sound output, is always the best.Camera is always amazing ( cinematic video is wow). Colour is awesome üôÇüôÇ overall very good üòäüòä",4,288
Best one. Have not used a better mobile than this yet. currently one of the best phone in the market.,5,110
"Damn such a great phone. Camera is really good, battery lasts long enough, super smooth even though its just 60 hz XDR display. Videos with action mode on are insanely stable and crisp.The night mode can take some really good shots jn low light conditions .The whole apple environment itself is so seamless. I shifted from android to iPhone and it barely took any time since I had iPad and a mac already. With a just a few clicks the phone was ready to go.",5,465
Reasons to get it over regular 13- 50 percent extra ram- Better camera sensors- Cinematic mode at 4k 30 fps (13 could only do 1080p 30fps)- Action mode for super stabilised videos- Better low light photos thanks to photonic engine- Better battery life- Extra gpu core for high graphics performance- New improved modem for fast and efficient mobile connectivity- Dual ambient light sensors- Better camera flash- Crash detection- Satellite connectivity (though currently not in I...,5,493
I just love this phone for the 1st time and the performance is awesome just wow camera quality battery everything is awesome . I prefer anyone who can use this phone . Iphone using it for the 1st time never getting any problem . Just thank you Flipkart for providing me these at low cost as compared to retail shops . Thank you Flipkart and Apple . Just love it .,5,374
"The iPhone 14 is a solid choice for those looking for a high-quality smartphone experience. The camera is top-notch, the performance is smooth, and the design is sleek and modern. However, there are a few drawbacks to consider when comparing it to Android phones.One of the biggest cons of the iPhone 14 is its lack of customization options. Apple has a strict policy on what apps and features can be used on their devices, which can be frustrating for users who want more control over their pho...",3,507
"First ever experiencing Iphone. Being an android user and switching over to Iphone and using it for a day makes me a step away from android.1.Top Class Performance2. High defined Camera and Cinematic Video3. Pocket friendly comparing pro and plus models4. Have a concern on Battery , though drains on a single day usage - It doesnt means a negative feedback since its 20W Charger charged from 3 to 60 at a time of 10 minutes. I was too surprised- The best class in Apple Series.Last but n...",5,500
"Overall good experience (4 months review)Display : 60hz but impressive,Camera: if lighting condition is good then it can click very good photos but incase of poor lighting not good experience at such price point.Battery: It can give 5-6 hr of screentime, it can sustain whole day with single charge.but Battery health reduces 1% in my 4 months of usage which is quite shocking for me.Charging: Charging speed is quite good with 20w charger but at such price point it could be better.Conc...",4,499
"Very good purchase.i bought it for my wife as a Padwa gift.but just my views on purchasing this expensive phone- if you are using Iphone very lower version go for it but if you are already in iphone 13 or 11 do not spend money,its not worth.no much change.but if you have lots of money then go for it.wife was using iphone 7 hence i purchased this latest one.now no purchase atleast for 6 years. iphone 7 also used 5 years and believe me it has no issues at all, but the only problem was batte...",5,505
I using this mobile for 2 days before I using Samsung m30 so..... This iPhone was very handyPerformance a15 bionic with 6 core processorWe can't find the difference day to day life soo...this is awesome next camera camera is top notch I don't how to tell in words this very good camera same as dslr and videos is soo good quality but action mode is take 2.8k resolution and in dimlight is was sooo bad so while you take with action use gimbal ..... And over all the phone very good üëç,5,492
"I am very happy with the purchase , i was confused between blue and yellow but yellow is very bright and refreshing color and look different blue is also nice but after putting back cover we can not differentiate if its is iphone 13 or 14 better go for yellow iphone its very bright and attractive lot of people asked me if i bough new iphone or something thankyou flipkart now comes to the performance battery is good display is very smooth looks very premiums n feels very premium. Go for it",5,503
"I wanted to buy yellow colour but that was not delivering on my pin code so went for this colour.After receiving this, I have no regression.Love this.iPhone heats a lot because of its built. Its frame is steel and the back is glass but it has great things when it gets hot, it restricts some features to cool it down.The camera is good, sometimes it misses focus.Performance is the best part of it.",5,407
"I am using the product since quite a while now, I was previously having XR and this is 100% an upgrade on the same. Battery life is good and phone is a bit handy as well, though not as good as mini phones. Camera has definitely improved a lot in last 4 yrs and that's a massive upgrade. Altogether a great product and a no brainer if you are looking for a 5g handset with decent performance.",5,400
I used iPhone 12 mini and now upgraded with iPhone 14.Camera quality is awesome.Full day battery backup.Super Retina display with high dynamic range is awesome.In terms of camera and battery life is big upgrade for me.,5,227
Facing heating issues while playing video and using camera,4,67
Really disappointed with display and performance. Lagging in bgmi with graphics settings smooth + extreme. Hardly 50 fps. While lagging gives 25-30 fps which is frustrating for device like this.,1,203
Very nice phone. Totally worth it,5,42
"‚úìComfortable, high-end build‚úìOLED screen looks fantastic‚úìA15 chip performs great‚úìGood camera upgrades‚úìDependable battery life",5,134
!!!Enjoy with iphone 14 üëçüòé‚úåÔ∏è with great camera resolution,5,66
Totally worth selling your kidney and buying this amazing phone. Camera makes this phone A+,5,100
Battery performance too low,1,36
"Hi, after using this device for 6months these are my experiences.1.) Light weight device, easy to carry in pocket.2.) Amazing battery backup.3.) Apps performance are good.4.) Sim network coverage is not Upto the mark, even with slight network drop tower goes off. Same SIM card has full network on another device but with this model of iPhone it is not the case.5.) Always have to switch between flight mode and normal to get the sim network.6.) Noise cancellation is missing, After paying c...",3,503
My First iphone experience even though its 60hz refresh rate but feels so smooth and optimized and performance is top notchüî•..if u r looking for an iphone 13..go for i phone 14 trust me u will love it‚ù§Ô∏è,5,211
Performance is really good and camera quality is fine,5,62
Thanku filipkart best phone in the world ‚ù§Ô∏è,5,52
No words to express the gratitude to Flipkart...Fastest delivery | Open box validation andObviously the phone itself is a different era ..#iPhone 14 | iOS 16,5,166
"Best in class in all the aspects. Top notch performance for display, camera and everything.",5,100
"Amazing product, love the design and the feel is awesomePerformance is very smooth.",5,92
After a losts of efforts when you get then Just Awesome üòä,5,66
"The volume down button is struck and unable to volume up. The Flipkart team is saying it is open box delivery so they can't help.......how can we check the volume without opening/start the mobile, when i ask this question the customer support placing my call on hold and dropping my call",1,296
Great picture quality. Performance is good as always. The important addition is the cinematographic video recording,5,124
The best camera best design !!1st iphone 14 !!i tried all conditions light photothe quality is best i was impressed with devicebattery backup is goodperform is very impressive üî•,5,187
"Dear Team,I hope this message finds you well. I am writing to express my deep dissatisfaction and disappointment with the recent purchase I made from your platform.I received an iPhone 14 (128GB) that has exhibited severe issues with its front camera, particularly when used in portrait mode with functions like black and white mode and background blur. These features are crucial to me, and the phone's inability to perform as expected is a significant concern.Moreover, I have reason to beli...",1,505
The Much Better,5,24
The phone touch is not working NGVIR seller is fraud giving used phone to flipcart customer and after that return rejected ..This is the worst experience I have ever had after spending to much money iphone 14 touch not working,1,235
Unboxing overall good experience üòä,4,43
Camera cinematic next levelüî•üî•,5,38
"Very nice product, camera quality is just amazing everything seems too real.Phone is very fast.",5,104
Amazing picture quality‚ù§Ô∏èüëåüèºüëåüèº,5,38
